<?xml version="1.0" encoding="UTF-8"?>
<GenRun Id="impl_1" LaunchPart="xc7a35tcpg236-1" LaunchTime="1699717954">
  <File Type="BITSTR-BMM" Name="CPU_bd.bmm"/>
  <File Type="OPT-METHODOLOGY-DRC" Name="CPU_methodology_drc_opted.rpt"/>
  <File Type="INIT-TIMING" Name="CPU_timing_summary_init.rpt"/>
  <File Type="ROUTE-PWR" Name="CPU_power_routed.rpt"/>
  <File Type="PA-TCL" Name="CPU.tcl"/>
  <File Type="OPT-TIMING" Name="CPU_timing_summary_opted.rpt"/>
  <File Type="OPT-DCP" Name="CPU_opt.dcp"/>
  <File Type="ROUTE-PWR-SUM" Name="CPU_power_summary_routed.pb"/>
  <File Type="REPORTS-TCL" Name="CPU_reports.tcl"/>
  <File Type="OPT-DRC" Name="CPU_drc_opted.rpt"/>
  <File Type="OPT-HWDEF" Name="CPU.hwdef"/>
  <File Type="PWROPT-DCP" Name="CPU_pwropt.dcp"/>
  <File Type="PWROPT-DRC" Name="CPU_drc_pwropted.rpt"/>
  <File Type="PWROPT-TIMING" Name="CPU_timing_summary_pwropted.rpt"/>
  <File Type="PLACE-DCP" Name="CPU_placed.dcp"/>
  <File Type="PLACE-IO" Name="CPU_io_placed.rpt"/>
  <File Type="PLACE-CLK" Name="CPU_clock_utilization_placed.rpt"/>
  <File Type="PLACE-UTIL" Name="CPU_utilization_placed.rpt"/>
  <File Type="PLACE-UTIL-PB" Name="CPU_utilization_placed.pb"/>
  <File Type="PLACE-CTRL" Name="CPU_control_sets_placed.rpt"/>
  <File Type="PLACE-SIMILARITY" Name="CPU_incremental_reuse_placed.rpt"/>
  <File Type="PLACE-PRE-SIMILARITY" Name="CPU_incremental_reuse_pre_placed.rpt"/>
  <File Type="BG-BGN" Name="CPU.bgn"/>
  <File Type="PLACE-TIMING" Name="CPU_timing_summary_placed.rpt"/>
  <File Type="POSTPLACE-PWROPT-DCP" Name="CPU_postplace_pwropt.dcp"/>
  <File Type="BG-BIN" Name="CPU.bin"/>
  <File Type="POSTPLACE-PWROPT-TIMING" Name="CPU_timing_summary_postplace_pwropted.rpt"/>
  <File Type="PHYSOPT-DCP" Name="CPU_physopt.dcp"/>
  <File Type="PHYSOPT-DRC" Name="CPU_drc_physopted.rpt"/>
  <File Type="BITSTR-MSK" Name="CPU.msk"/>
  <File Type="PHYSOPT-TIMING" Name="CPU_timing_summary_physopted.rpt"/>
  <File Type="ROUTE-ERROR-DCP" Name="CPU_routed_error.dcp"/>
  <File Type="ROUTE-DCP" Name="CPU_routed.dcp"/>
  <File Type="ROUTE-BLACKBOX-DCP" Name="CPU_routed_bb.dcp"/>
  <File Type="ROUTE-DRC" Name="CPU_drc_routed.rpt"/>
  <File Type="ROUTE-DRC-PB" Name="CPU_drc_routed.pb"/>
  <File Type="BITSTR-LTX" Name="debug_nets.ltx"/>
  <File Type="BITSTR-LTX" Name="CPU.ltx"/>
  <File Type="ROUTE-DRC-RPX" Name="CPU_drc_routed.rpx"/>
  <File Type="BITSTR-MMI" Name="CPU.mmi"/>
  <File Type="ROUTE-METHODOLOGY-DRC" Name="CPU_methodology_drc_routed.rpt"/>
  <File Type="ROUTE-METHODOLOGY-DRC-RPX" Name="CPU_methodology_drc_routed.rpx"/>
  <File Type="BITSTR-SYSDEF" Name="CPU.sysdef"/>
  <File Type="ROUTE-METHODOLOGY-DRC-PB" Name="CPU_methodology_drc_routed.pb"/>
  <File Type="ROUTE-PWR-RPX" Name="CPU_power_routed.rpx"/>
  <File Type="ROUTE-STATUS" Name="CPU_route_status.rpt"/>
  <File Type="ROUTE-STATUS-PB" Name="CPU_route_status.pb"/>
  <File Type="ROUTE-TIMINGSUMMARY" Name="CPU_timing_summary_routed.rpt"/>
  <File Type="ROUTE-TIMING-PB" Name="CPU_timing_summary_routed.pb"/>
  <File Type="ROUTE-TIMING-RPX" Name="CPU_timing_summary_routed.rpx"/>
  <File Type="ROUTE-SIMILARITY" Name="CPU_incremental_reuse_routed.rpt"/>
  <File Type="ROUTE-CLK" Name="CPU_clock_utilization_routed.rpt"/>
  <File Type="ROUTE-BUS-SKEW" Name="CPU_bus_skew_routed.rpt"/>
  <File Type="ROUTE-BUS-SKEW-PB" Name="CPU_bus_skew_routed.pb"/>
  <File Type="ROUTE-BUS-SKEW-RPX" Name="CPU_bus_skew_routed.rpx"/>
  <File Type="POSTROUTE-PHYSOPT-DCP" Name="CPU_postroute_physopt.dcp"/>
  <File Type="POSTROUTE-PHYSOPT-BLACKBOX-DCP" Name="CPU_postroute_physopt_bb.dcp"/>
  <File Type="POSTROUTE-PHYSOPT-TIMING" Name="CPU_timing_summary_postroute_physopted.rpt"/>
  <File Type="POSTROUTE-PHYSOPT-TIMING-PB" Name="CPU_timing_summary_postroute_physopted.pb"/>
  <File Type="POSTROUTE-PHYSOPT-TIMING-RPX" Name="CPU_timing_summary_postroute_physopted.rpx"/>
  <File Type="POSTROUTE-PHYSOPT-BUS-SKEW" Name="CPU_bus_skew_postroute_physopted.rpt"/>
  <File Type="POSTROUTE-PHYSOPT-BUS-SKEW-PB" Name="CPU_bus_skew_postroute_physopted.pb"/>
  <File Type="BG-BIT" Name="CPU.bit"/>
  <File Type="POSTROUTE-PHYSOPT-BUS-SKEW-RPX" Name="CPU_bus_skew_postroute_physopted.rpx"/>
  <File Type="BITSTR-RBT" Name="CPU.rbt"/>
  <File Type="BITSTR-NKY" Name="CPU.nky"/>
  <File Type="BG-DRC" Name="CPU.drc"/>
  <File Type="RDI-RDI" Name="CPU.vdi"/>
  <File Type="WBT-USG" Name="usage_statistics_webtalk.html"/>
  <FileSet Name="sources" Type="DesignSrcs" RelSrcDir="$PSRCDIR/sources_1">
    <Filter Type="Srcs"/>
    <File Path="$PSRCDIR/sources_1/new/InsMem.v">
      <FileInfo>
        <Attr Name="UsedIn" Val="synthesis"/>
        <Attr Name="UsedIn" Val="implementation"/>
        <Attr Name="UsedIn" Val="simulation"/>
      </FileInfo>
    </File>
    <File Path="$PSRCDIR/sources_1/new/PC.v">
      <FileInfo>
        <Attr Name="UsedIn" Val="synthesis"/>
        <Attr Name="UsedIn" Val="implementation"/>
        <Attr Name="UsedIn" Val="simulation"/>
      </FileInfo>
    </File>
    <File Path="$PSRCDIR/sources_1/new/CPU.v">
      <FileInfo>
        <Attr Name="UsedIn" Val="synthesis"/>
        <Attr Name="UsedIn" Val="implementation"/>
        <Attr Name="UsedIn" Val="simulation"/>
      </FileInfo>
    </File>
    <File Path="$PSRCDIR/sources_1/new/ban.v">
      <FileInfo>
        <Attr Name="AutoDisabled" Val="1"/>
        <Attr Name="UsedIn" Val="synthesis"/>
        <Attr Name="UsedIn" Val="implementation"/>
        <Attr Name="UsedIn" Val="simulation"/>
      </FileInfo>
    </File>
    <File Path="$PSRCDIR/sources_1/new/Adder1.v">
      <FileInfo>
        <Attr Name="AutoDisabled" Val="1"/>
        <Attr Name="UsedIn" Val="synthesis"/>
        <Attr Name="UsedIn" Val="implementation"/>
        <Attr Name="UsedIn" Val="simulation"/>
      </FileInfo>
    </File>
    <Config>
      <Option Name="DesignMode" Val="RTL"/>
      <Option Name="TopModule" Val="CPU"/>
      <Option Name="TopAutoSet" Val="TRUE"/>
    </Config>
  </FileSet>
  <FileSet Name="constrs_in" Type="Constrs" RelSrcDir="$PSRCDIR/constrs_1">
    <Filter Type="Constrs"/>
    <File Path="$PSRCDIR/constrs_1/new/CPU.xdc">
      <FileInfo>
        <Attr Name="UsedIn" Val="synthesis"/>
        <Attr Name="UsedIn" Val="implementation"/>
      </FileInfo>
    </File>
    <Config>
      <Option Name="ConstrsType" Val="XDC"/>
    </Config>
  </FileSet>
  <FileSet Name="utils" Type="Utils" RelSrcDir="$PSRCDIR/utils_1">
    <Filter Type="Utils"/>
    <Config>
      <Option Name="TopAutoSet" Val="TRUE"/>
    </Config>
  </FileSet>
  <Strategy Version="1" Minor="2">
    <StratHandle Name="Vivado Implementation Defaults" Flow="Vivado Implementation 2018">
      <Desc>Default settings for Implementation.</Desc>
    </StratHandle>
    <Step Id="init_design"/>
    <Step Id="opt_design"/>
    <Step Id="power_opt_design"/>
    <Step Id="place_design"/>
    <Step Id="post_place_power_opt_design"/>
    <Step Id="phys_opt_design"/>
    <Step Id="route_design"/>
    <Step Id="post_route_phys_opt_design"/>
    <Step Id="write_bitstream"/>
  </Strategy>
</GenRun>
